matchID,date,group,age,species,individual,GPS_id,ACC_id,harness_type,flight,heure.UTC.release.first,TAKE.OFF.Heure.UTC.GPS,LANDING.Heure.UTC.GPS,heure.UTC.GROUND,heure.UTC.perch,Notes
01/07/2018_DAGOBERT_I,01/07/2018,no group,NA,PYGTB,DAGOBERT,I,I,Tail,2,12:30:45,417202,430477,??,NA,
01/07/2018_DAGOBERT_I,01/07/2018,no group,NA,PYGTB,DAGOBERT,I,I,Tail,3,14:06:28,560777,567952,14:11:31,NA,
01/07/2018_DAKOTA_H,01/07/2018,no group,NA,PYGTB,DAKOTA,H,H,Tail,1,10:28:17,NA,NA,??,NA,2nd flight without logger so no data.
01/07/2018_GAELLE_14,01/07/2018,2,young,VH,GAELLE,14,2,BackPack,1,10:21:00,10:21:00.25,10:50:06.75,10:50:07,NA,ACC too high values. Calibration not found.
01/07/2018_GAELLE_14,01/07/2018,2,young,VH,GAELLE,14,2,BackPack,2,12:17:33,12:17:30.50,12:44:54.25,12:44:54,NA,ACC too high values. Calibration not found.
01/07/2018_GAELLE_14,01/07/2018,2,young,VH,GAELLE,14,2,BackPack,3,13:55:17,13:55:16.25,14:09:20.75,14:09:23,NA,ACC too high values. Calibration not found.
01/07/2018_GISELE_5,01/07/2018,1,old,VH,GISELE,5,5,LegLoop,1,10:18:54,10:18:55.00,11:07:03.50,11:07:06,NA,
01/07/2018_GISELE_5,01/07/2018,1,old,VH,GISELE,5,5,LegLoop,2,12:19:32,12:19:30.25,12:54:46.50,12:55:00,NA,
01/07/2018_GISELE_5,01/07/2018,1,old,VH,GISELE,5,5,LegLoop,3,13:52:45,13:52:45.00,14:15:55.75,14:16:02,NA,
01/07/2018_GREGOIRE_180089,01/07/2018,1,old,VF,GREGOIRE,180089,180089,BackPack,1,10:19:00,NA,NA,10:52:34,NA,
01/07/2018_GREGOIRE_180089,01/07/2018,1,old,VF,GREGOIRE,180089,180089,BackPack,2,12:19:48,NA,NA,12:44:16,NA,
01/07/2018_GREGOIRE_180089,01/07/2018,1,old,VF,GREGOIRE,180089,180089,BackPack,3,13:52:33,NA,NA,14:18:24,NA,
01/07/2018_HENRI_6,01/07/2018,1,old,VF,HENRI,6,6,LegLoop,1,10:18:54,10:18:52.25,10:52:01.75,10:52:02,NA,
01/07/2018_HENRI_6,01/07/2018,1,old,VF,HENRI,6,6,LegLoop,2,12:19:38,12:19:36.25,12:25:56.75,12:25:55,NA,
01/07/2018_HENRI_6,01/07/2018,1,old,VF,HENRI,6,6,LegLoop,3,13:53:00,13:52:31.00,14:08:25.00,14:08:32,NA,
01/07/2018_HERCULE_3LL-4BP,01/07/2018,2,young,VF,HERCULE,3,3,LegLoop,1,10:22:00,10:21:57.25,10:24:17.00,10:37:49,NA,
01/07/2018_HERCULE_3LL-4BP,01/07/2018,2,young,VF,HERCULE,4,4,BackPack,1,10:22:00,10:21:57.25,10:24:17.00,10:37:49,NA,
01/07/2018_HERCULE_3LL-4BP,01/07/2018,2,young,VF,HERCULE,3,3,LegLoop,2,12:16:10,12:19:54.75,12:28:51.75,12:28:53,NA,
01/07/2018_HERCULE_3LL-4BP,01/07/2018,2,young,VF,HERCULE,4,4,BackPack,2,12:16:10,12:19:54.75,12:28:51.75,12:28:53,NA,
01/07/2018_HERCULE_3LL-4BP,01/07/2018,2,young,VF,HERCULE,3,3,LegLoop,3,13:55:20,13:57:14.00,14:02:48.75,14:03:25,NA,
01/07/2018_HERCULE_3LL-4BP,01/07/2018,2,young,VF,HERCULE,4,4,BackPack,3,13:55:20,13:57:14.00,14:02:48.75,14:03:25,NA,
01/07/2018_KHAN_G,01/07/2018,2,young,RAV,KHAN,G,G,Tail,3,13:55:05,543752,592977,14:28:07,NA,
01/07/2018_KIRIKOU_180087,01/07/2018,2,young,VR,KIRIKOU,180087,180087,LegLoop,1,10:21:10,NA,NA,10:59:23,NA,
01/07/2018_KIRIKOU_180087,01/07/2018,2,young,VR,KIRIKOU,180087,180087,LegLoop,2,12:18:12,NA,NA,12:25:47,NA,
01/07/2018_KIRIKOU_180087,01/07/2018,2,young,VR,KIRIKOU,180087,180087,LegLoop,3,13:55:40,NA,NA,14:23:53,NA,
01/07/2018_KLEA_J,01/07/2018,no group,NA,Black Kite,KLEA,J,J,BackPack,2,12:09:16,NA,NA,12:14:48,NA,
01/07/2018_KLEA_J,01/07/2018,no group,NA,Black Kite,KLEA,J,J,BackPack,3,13:45:25,528752,555802,14:03:13,NA,
01/07/2018_KUZCO_B,01/07/2018,2,NA,CONDOR,KUZCO,B,1,BackPack,1,10:22:37,10:22:33.20,10:26:48.80,10:26:53,NA,
01/07/2018_KUZCO_B,01/07/2018,NA,NA,CONDOR,KUZCO,B,1,BackPack,2,12:20:00,12:19:44.00,12:26:00.60,12:25:55,NA,
01/07/2018_KUZCO_B,01/07/2018,NA,NA,CONDOR,KUZCO,B,1,BackPack,3,13:52:30,13:57:09.80,14:07:45.00,14:07:54,NA,
01/07/2018_LEON_180088,01/07/2018,2,young,VF,LEON,180088,180088,BackPack,1,10:21:52,NA,NA,10:49:52,NA,
01/07/2018_LEON_180088,01/07/2018,2,young,VF,LEON,180088,180088,BackPack,2,12:16:10,NA,NA,12:44:43,NA,
01/07/2018_LEON_180088,01/07/2018,2,young,VF,LEON,180088,180088,BackPack,3,13:55:27,NA,NA,14:14:09,NA,
01/07/2018_MANU_13,01/07/2018,1,old,RAV,MANU,13,7,LegLoop,2,12:20:04,12:20:03.99,12:28:56.25,12:29:00,NA,
01/07/2018_SHARON_I,01/07/2018,no group,NA,PYGTB,SHARON,I,I,Tail,1,10:31:04,238602,255202,10:43:08,NA,
25/06/2018_DAKOTA_14,25/06/2018,NA,NA,PYGTB,DAKOTA,14,2,LegLoop,1,11:34:45,11:34:45.00,12:42:20.25,12:41:21,12:41:21,Axy stopped collecting at 9:30 before flights. No acc data.
25/06/2018_GAELLE_G,25/06/2018,2,young,VH,GAELLE,G,G,tail,1,11:24:03,178127,222877,11:53:54,11:54:45,
25/06/2018_GAELLE_G,25/06/2018,2,young,VH,GAELLE,G,G,tail,2,12:52:00,310027,348752,13:17:34,13:18:14,
25/06/2018_GAELLE_G,25/06/2018,2,young,VH,GAELLE,G,G,tail,3,14:25:12,44990,474552,14:42:39,?,
25/06/2018_GISELE_5,25/06/2018,1,OLD,VH,GISELE,5,5,LegLoop,1,11:20:40,11:20:41.75,11:55:17.50,11:55:17,11:56:08,
25/06/2018_GISELE_5,25/06/2018,1,OLD,VH,GISELE,5,5,LegLoop,2,12:48:34,12:48:32.00,13:30:25.75,13:30:25,13:31:30,
25/06/2018_GISELE_5,25/06/2018,1,OLD,VH,GISELE,5,5,LegLoop,3,14:22:08,14:22:06.75,14:38:40.75,14:38:40,?,
25/06/2018_GREGOIRE_3,25/06/2018,1,OLD,VF,GREGOIRE,3,3,LegLoop,1,11:20:55,11:20:54.25,11:51:06.75,11:51:07,11:52:14,
25/06/2018_GREGOIRE_3,25/06/2018,1,OLD,VF,GREGOIRE,3,3,LegLoop,2,12:48:40,12:48:38.75,13:25:24.50,13:25:25,13:26:30,
25/06/2018_GREGOIRE_3,25/06/2018,1,OLD,VF,GREGOIRE,3,3,LegLoop,3,14:22:23,14:22:23,14:38:09.00,14:38:00,14:42:26,
25/06/2018_HENRI_6,25/06/2018,1,OLD,VF,HENRI,6,6,BackPack,1,11:20:48,11:20:45.75,11:33:04.75,11:33:03,11:33:33.00,
25/06/2018_HENRI_6,25/06/2018,1,OLD,VF,HENRI,6,6,BackPack,2,12:48:36,12:48:35.25,13:13:02.25,13:13:02,13:13:56,
25/06/2018_HENRI_6,25/06/2018,1,OLD,VF,HENRI,6,6,BackPack,3,14:22:14,14:22:13.25,14:39:39.00,14:39:39,?,
25/06/2018_HERCULE_10,25/06/2018,2,young,VF,HERCULE,10,8,LegLoop,1,11:24:00,11:22:55.25,? 11:28:24.50,NA,NA,AGM did not start. No ACC data.
25/06/2018_HERCULE_10,25/06/2018,2,young,VF,HERCULE,10,8,LegLoop,2,12:52:00,12:52:16.50,12:57:45.50,12:58:00,12:58:30,AGM did not start. No ACC data.
25/06/2018_HERCULE_10,25/06/2018,2,young,VF,HERCULE,10,8,LegLoop,3,14:24:24,14:25:11.00,"? 14:37:15.25, 15:10:41 or 15:19:04.00",NA,?,AGM did not start. No ACC data.
25/06/2018_KHAN_H,25/06/2018,2,young,RAV,KHAN,H,H,tail,2,12:49:32,306327,357902,13:23:50,13:23:50,
25/06/2018_KIRIKOU_I,25/06/2018,2,young,RUPPEL,KIRIKOU,I,I,tail,1,11:24:20,168702,208852,11:51:00,11:51:44,
25/06/2018_KIRIKOU_I,25/06/2018,2,young,RUPPEL,KIRIKOU,I,I,tail,2,12:52:15,300627,349752,13:24:57,13:26:00,
25/06/2018_KIRIKOU_I,25/06/2018,2,young,RUPPEL,KIRIKOU,I,I,tail,3,14:25:29,440452,459952,14:38:30,?,
25/06/2018_KUZCO_J,25/06/2018,2,young,CONDOR,KUZCO,J,J,tail,1,11:24:50,179377,190427,11:32:12,?,
25/06/2018_KUZCO_J,25/06/2018,2,young,CONDOR,KUZCO,J,J,tail,2,12:52:00,310052,320552,NA,12:59:00,
25/06/2018_KUZCO_J,25/06/2018,2,young,CONDOR,KUZCO,J,J,tail,3,14:21:55,445102,474952,14:41:53,?,
25/06/2018_LAFAYETTE_A,25/06/2018,NA,NA,PYGTB,LAFAYETTE,A,1,LegLoop,1,11:34:40,11:34:40.60,11:51:37.20,11:51:50,11:51:50.00,"box opened before fllights, axy01 fallen and stopped : no recording of ACC, but GPS OK"
25/06/2018_LAFAYETTE_A,25/06/2018,NA,NA,PYGTB,LAFAYETTE,A,1,LegLoop,2,?,13:02:07.80,NA,13:08:08,13:08:08,"box opened before fllights, axy01 fallen and stopped : no recording of ACC, but GPS OK"
25/06/2018_LEON_13,25/06/2018,2,young,VF,LEON,13,7,LegLoop,1,11:24:15,11:24:12.50,12:33:25.25,12:33:35,?,
25/06/2018_LEON_13,25/06/2018,2,young,VF,LEON,13,7,LegLoop,3,14:25:25,14:25:24.50,14:38:46.25,14:38:46,?,
25/06/2018_MANU_H,25/06/2018,1,OLD,RAV,MANU,H,H,tail,1,11:22:00,172352,188477,NA,11:30:52.00,
25/06/2018_MANU_H,25/06/2018,1,OLD,RAV,MANU,H,H,tail,3,14:23:05,446702,470927,14:39:15,14:39:15,
26/06/2018_GAELLE_6,26/06/2018,1,young,VH,GAELLE,6,6,LegLoop,1,11:19:00,11:19:10.25,11:39:56.50,11:40:00,?,
26/06/2018_GAELLE_6,26/06/2018,1,young,VH,GAELLE,6,6,LegLoop,2,12:45:10,12:45:06.50,13:07:16.75,13:07:20,13:08:48,
26/06/2018_GAELLE_6,26/06/2018,1,young,VH,GAELLE,6,6,LegLoop,3,14:21:23,14:21:22.75,14:36:56.25,14:37:00,?,
26/06/2018_GISELE_10,26/06/2018,2,OLD,VH,GISELE,10,10,BackPack,1,11:22:16,11:22:15.50,12:16:14.25,12:16:15,12:17:10,Timestamp not matching with ending time after re-assigning correct time. Maybe changing sampling frequency.
26/06/2018_GISELE_10,26/06/2018,2,OLD,VH,GISELE,10,10,BackPack,2,12:48:46,12:48:45.00,13:52:35.75,13:52:39,?,Timestamp not matching with ending time after re-assigning correct time. Maybe changing sampling frequency.
26/06/2018_GISELE_10,26/06/2018,2,OLD,VH,GISELE,10,10,BackPack,3,14:23:16,14:23:17.25,14:38:11.75,14:38:11,?,Timestamp not matching with ending time after re-assigning correct time. Maybe changing sampling frequency.
26/06/2018_GREGOIRE_G,26/06/2018,2,OLD,VF,GREGOIRE,G,G,tail,1,11:22:35,276252,00:00:00,11:46:20,NA,
26/06/2018_GREGOIRE_G,26/06/2018,2,OLD,VF,GREGOIRE,G,G,tail,2,12:49:02,406052,444502,13:14:19,?,
26/06/2018_GREGOIRE_G,26/06/2018,2,OLD,VF,GREGOIRE,G,G,tail,3,14:23:34,547777,577277,14:42:54,?,
26/06/2018_HENRI_5,26/06/2018,2,OLD,VF,HENRI,5,5,BackPack,1,11:22:25,11:22:23.25,11:37:13.50,11:37:20,?,
26/06/2018_HENRI_5,26/06/2018,2,OLD,VF,HENRI,5,5,BackPack,2,12:48:54,12:48:52.25,NA,13:15:00,?,
26/06/2018_HENRI_5,26/06/2018,2,OLD,VF,HENRI,5,5,BackPack,3,14:23:23,14:23:24.00,14:38:08.75,14:38:11,?,
26/06/2018_HERCULE_I,26/06/2018,1,young,VF,HERCULE,I,I,tail,1,11:19:00,273427,297052,11:36:37,?,
26/06/2018_HERCULE_4,26/06/2018,1,young,VF,HERCULE,4,4,LegLoop,2,12:46:02,12:46:47.24,12:52:29.74,?,?,
26/06/2018_HERCULE_I,26/06/2018,1,young,VF,HERCULE,I,I,tail,2,12:46:02,404852,41177,?,?,
26/06/2018_HERCULE_I,26/06/2018,1,young,VF,HERCULE,I,I,tail,3,14:20:35,548977,602127,14:59:58,NA,
26/06/2018_HERCULE_I + 4,26/06/2018,1,young,VF,HERCULE,4,4,LegLoop,3,14:20:35,14:24:24.99,14:59:50.75,14:59:58,?,
26/06/2018_KHAN_3,26/06/2018,1,young,RAV,KHAN,3,3,LegLoop,1,11:20:08,11:20:06.25,11:57:01.50,11:57:03,?,
26/06/2018_KIRIKOU_13,26/06/2018,1,young,RUPPEL,KIRIKOU,13,7,BackPack,1,11:19:32,11:19:28.75,12:19:21.75,12:19:22,?,
26/06/2018_KIRIKOU_13,26/06/2018,1,young,RUPPEL,KIRIKOU,13,7,BackPack,2,12:45:35,12:45:27.50,12:56:40.25,12:56:45,?,
26/06/2018_KIRIKOU_13,26/06/2018,1,young,RUPPEL,KIRIKOU,13,7,BackPack,3,14:21:20,14:21:30.75,14:51:23.00,14:51:25,?,
26/06/2018_KLEA_Z,26/06/2018,NA,NA,Black Kite,KLEA,Z,Z,LegLoop,1,11:13:00,NA,NA,NA,?,
26/06/2018_KLEA_Z,26/06/2018,NA,NA,Black Kite,KLEA,Z,Z,LegLoop,2,12:40:00,NA,NA,NA,12:54:35,
26/06/2018_KUZCO_H,26/06/2018,1,young,CONDOR,KUZCO,H,H,tail,1,11:18:50,273077,287652,11:30:22,?,
26/06/2018_KUZCO_H,26/06/2018,1,young,CONDOR,KUZCO,H,H,tail,2,12:35:00,401127,425827,13:02:18,?,
26/06/2018_LEON_J,26/06/2018,1,young,VF,LEON,J,J,tail,1,11:19:00,271677,302552,11:40:00,?,
26/06/2018_LEON_J,26/06/2018,1,young,VF,LEON,J,J,tail,2,12:45:35,401177,441527,13:12:49,?,
26/06/2018_LEON_J,26/06/2018,1,young,VF,LEON,J,J,tail,3,14:21:13,544502,570052,14:38:11,?,
26/06/2018_MANU_3,26/06/2018,2,OLD,RAV,MANU,3,3,BackPack,2,12:48:34,12:48:33.00,13:20:00.00,NA,13:20:01,
27/06/2018_DAKOTA_A,27/06/2018,together,OLD,PYGTB,DAKOTA,A,1,LegLoop,1,11:38:53,11:38:50.80,12:06:12.00,12:06:00,?,
27/06/2018_GAELLE_13,27/06/2018,together,young,VH,GAELLE,13,7,LegLoop,1,11:25:40,11:25:38.50,11:45:24.25,11:45:23,11:46:04,
27/06/2018_GAELLE_13,27/06/2018,2,young,VH,GAELLE,13,7,LegLoop,2,12:55:17,12:55:19.00,13:19:35.75,13:19:34,NA,
27/06/2018_GAELLE_13,27/06/2018,2,young,VH,GAELLE,13,7,LegLoop,3,14:25:34,14:25:33.00,14:52:43.00,14:52:45,14:54:06,
27/06/2018_GISELE_6,27/06/2018,together,OLD,VH,GISELE,6,6,BackPack,1,11:24:11,11:24:12.25,12:01:31.00,12:01:32,12:02:25,
27/06/2018_GISELE_6,27/06/2018,1,OLD,VH,GISELE,6,6,BackPack,2,12:52:15,12:52:44.75,13:24:36.00,13:24:40,13:25:25,
27/06/2018_GISELE_6,27/06/2018,1,OLD,VH,GISELE,6,6,BackPack,3,14:22:56,14:22:56.25,14:54:06.00,14:54:06,14:54:47,
27/06/2018_GREGOIRE_4,27/06/2018,together,OLD,VF,GREGOIRE,4,4,LegLoop,1,11:24:40,11:25:03.50,11:51:03.50,11:51:07,?,
27/06/2018_GREGOIRE_4,27/06/2018,1,OLD,VF,GREGOIRE,4,4,LegLoop,2,12:52:54,12:53:03.50,13:20:09.25,13:20:12,NA,
27/06/2018_GREGOIRE_4,27/06/2018,1,OLD,VF,GREGOIRE,4,4,LegLoop,3,14:22:10,14:22:05.50,14:43:26.25,14:43:28,14:44:10,
27/06/2018_HENRI_3,27/06/2018,together,OLD,VF,HENRI,3,3,BackPack,1,11:24:28,11:24:26.75,11:40:32.75,11:40:35,11:41:18,
27/06/2018_HENRI_3,27/06/2018,1,OLD,VF,HENRI,3,3,BackPack,2,12:52:55,12:52:42.75,13:06:13.50,13:06:15,?,
27/06/2018_HENRI_3,27/06/2018,1,OLD,VF,HENRI,3,3,BackPack,3,14:22:10,14:22:01.25,14:32:26.75,14:32:40,NA,
27/06/2018_HERCULE_180089,27/06/2018,together,young,VF,HERCULE,180089,180089,LegLoop,1,11:26:36,NA,NA,?,?,
27/06/2018_HERCULE_180089,27/06/2018,2,young,VF,HERCULE,180089,180089,LegLoop,2,12:55:45,NA,NA,?,NA,
27/06/2018_HERCULE_180089,27/06/2018,2,young,VF,HERCULE,180089,180089,LegLoop,3,14:26:20,NA,NA,14:30:29,NA,
27/06/2018_KHAN_10,27/06/2018,1,OLD,RAV,KHAN,10,10,LegLoop,3,14:21:22,GPS LOST,GPS LOST,14:31:50,NA,
27/06/2018_KIRIKOU_5,27/06/2018,together,young,RUPPEL,KIRIKOU,5,5,BackPack,1,11:26:13,11:26:14.00,11:56:01.25,11:56:01,11:57:01,
27/06/2018_KIRIKOU_5,27/06/2018,2,young,RUPPEL,KIRIKOU,5,5,BackPack,2,12:57:14,12:57:15.75,13:08:48.00,13:08:59,NA,
27/06/2018_KIRIKOU_5,27/06/2018,2,young,RUPPEL,KIRIKOU,5,5,BackPack,3,14:25:20,14:25:21.00,14:32:20.50,14:32:21,NA,
27/06/2018_KLEA_Z,27/06/2018,together,NA,Black Kite,KLEA,Z,Z,LegLoop,1,11:16:20,362052,420402,?,?,
27/06/2018_KLEA_Z,27/06/2018,NA,NA,Black Kite,KLEA,Z,Z,LegLoop,2,12:45:00,NA,NA,13:20:00,NA,
27/06/2018_KUZCO_14,27/06/2018,together,OLD,CONDOR,KUZCO,14,2,BackPack,1,11:23:14,11:27:22.00,11:27:27.50,?,11:28:00,
27/06/2018_KUZCO_14,27/06/2018,1,OLD,CONDOR,KUZCO,14,2,BackPack,2,12:51:26,12:51:43.00,13:06:06.75,13:06:08,NA,
27/06/2018_LAFAYETTE_180088,27/06/2018,together,young,PYGTB,LAFAYETTE,180088,180088,BackPack,1,11:38:53,NA,NA,11:42:00,?,
27/06/2018_LAFAYETTE_180088,27/06/2018,2,young,PYGTB,LAFAYETTE,180088,180088,BackPack,3,14:36:28,NA,NA,14:40:49,NA,
27/06/2018_LEON_180066,27/06/2018,together,young,VF,LEON,180066,180066,LegLoop,1,11:25:25,NA,NA,11:51:07,?,
27/06/2018_LEON_180066,27/06/2018,2,young,VF,LEON,180066,180066,LegLoop,2,12:55:03,NA,NA,13:04:11,NA,
27/06/2018_LEON_180066,27/06/2018,2,young,VF,LEON,180066,180066,LegLoop,3,14:25:20,NA,NA,14:31:50,NA,
27/06/2018_MANU_10,27/06/2018,together,OLD,RAV,MANU,10,10,BackPack,1,11:24:20,GPS LOST,GPS LOST,13:36:55,?,
28/06/2018_GAELLE_G,28/06/2018,together,young,VH,GAELLE,G,G,Tail,1,11:24:17,172277,213527,11:51:45,11:52:17,
28/06/2018_GAELLE_G,28/06/2018,1,young,VH,GAELLE,G,G,Tail,2,12:49:38,300477,331777,13:10:35,NA,
28/06/2018_GAELLE_G,28/06/2018,1,young,VH,GAELLE,G,G,Tail,3,14:19:40,435252,484927,14:52:41,14:53:17,
28/06/2018_GISELE_13,28/06/2018,together,old,VH,GISELE,13,7,LegLoop,1,11:23:04,11:22:58.00,11:55:54.75,11:56:00,11:56:47,
28/06/2018_GISELE_13,28/06/2018,2,old,VH,GISELE,13,7,LegLoop,2,12:53:02,12:53:13.75,13:27:33.75,13:27:32,NA,
28/06/2018_GISELE_13,28/06/2018,2,old,VH,GISELE,13,7,LegLoop,3,14:23:03,14:23:04.00,14:55:10.00,14:55:11,NA,
28/06/2018_GREGOIRE_3,28/06/2018,together,old,VF,GREGOIRE,3,3,LegLoop,1,11:23:17,11:23:16.50,11:51:02.25,11:51:00,NA,
28/06/2018_GREGOIRE_3,28/06/2018,2,old,VF,GREGOIRE,3,3,LegLoop,2,12:52:30,12:52:31.50,13:14:52.00,13:15:12,NA,
28/06/2018_GREGOIRE_3,28/06/2018,2,old,VF,GREGOIRE,3,3,LegLoop,3,NA,NA,NA,NA,NA,
28/06/2018_HENRI_6,28/06/2018,together,old,VF,HENRI,6,6,LegLoop,1,11:23:06,11:22:57.00,11:42:55.25,11:43:00,NA,
28/06/2018_HENRI_6,28/06/2018,2,old,VF,HENRI,6,6,LegLoop,2,12:52:40,12:52:38.50,13:02:31.50,13:02:32,NA,
28/06/2018_HENRI_6,28/06/2018,2,old,VF,HENRI,6,6,LegLoop,3,14:22:46,14:22:46.50,14:48:36.50,14:48:39,NA,
28/06/2018_HERCULE_180087,28/06/2018,together,young,VF,HERCULE,180087,180087,BackPack,1,11:25:05,NA,NA,11:30:08,NA,
28/06/2018_HERCULE_180087,28/06/2018,1,young,VF,HERCULE,180087,180087,BackPack,2,12:50:20,NA,NA,12:59:30,NA,
28/06/2018_HERCULE_180087,28/06/2018,1,young,VF,HERCULE,180087,180087,BackPack,3,14:18:48,NA,NA,NA,NA,
28/06/2018_KHAN_J,28/06/2018,together,NA,RAV,KHAN,J,J,Tail,1,11:22:00,NA,NA,11:35:00,NA,Bird was released but didn’t flight.
28/06/2018_KHAN_J,28/06/2018,1,young,RAV,KHAN,J,J,Tail,2,12:48:43,NA,NA,NA,NA,
28/06/2018_KIRIKOU_14,28/06/2018,together,young,VR,KIRIKOU,14,2,BP,1,11:23:55,11:23:47.75,11:55:39.25,11:55:45,NA,
28/06/2018_KIRIKOU_14,28/06/2018,1,young,VR,KIRIKOU,14,2,BP,2,12:49:36,12:49:33.25,13:14:10.25,13:14:08,NA,
28/06/2018_KIRIKOU_14,28/06/2018,1,young,VR,KIRIKOU,14,2,BP,3,14:20:25,14:20:24.50,14:56:30.25,14:56:30,NA,
28/06/2018_KLEA_Z,28/06/2018,together,NA,Black Kite,KLEA,Z,Z,LegLoop,1,11:15:00,372602,460602,NA,NA,
28/06/2018_KLEA_Z,28/06/2018,NA,NA,Black Kite,KLEA,Z,Z,LegLoop,2,12:42:00,no data,no data,13:11:15,NA,
28/06/2018_KLEA_Z,28/06/2018,NA,NA,Black Kite,KLEA,Z,Z,LegLoop,3,still out from flight 2,NA,NA,NA,NA,
28/06/2018_KUZCO_5,28/06/2018,together,young,CONDOR,KUZCO,5,5,BackPack,1,11:25:17,11:28:37.00,11:37:25.75,11:37:28,NA,
28/06/2018_KUZCO_5,28/06/2018,1,young,CONDOR,KUZCO,5,5,BackPack,2,12:51:26,12:56:59.75,13:24:37.75,13:24:40,NA,
28/06/2018_LEON_180090,28/06/2018,together,young,VF,LEON,180090,180090,LL,1,11:23:54,NA,NA,11:52:35,11:53:14,
28/06/2018_LEON_180090,28/06/2018,1,young,VF,LEON,180090,180090,LL,2,12:49:35,NA,NA,12:58:18,NA,
28/06/2018_LEON_180090,28/06/2018,1,young,VF,LEON,180090,180090,LL,3,14:19:33,NA,NA,14:53:00,NA,
28/06/2018_MANU_J,28/06/2018,1,young,RAV,MANU,J,J,NA,3,14:22:05,14:22:02.24,14:44:41.25,14:44:42,NA,
28/06/2018_MANU_4,28/06/2018,1,young,RAV,MANU,4,4,BackPack,3,14:22:05,14:22:02.24,14:44:41.25,14:44:42,NA,
29/06/2018_DAKOTA_I,29/06/2018,2,young,PYGTB,DAKOTA,I,I,Tail,1,11:27:19,200302,205402,11:34:49,NA,Second flight without tail logger
29/06/2018_GAELLE_13,29/06/2018,2,young,VH,GAELLE,13,7,BackPack,2,12:55:20,12:55:17.00,13:22:27.00,13:36:00,NA,
29/06/2018_GAELLE_13,29/06/2018,2,young,VH,GAELLE,13,7,BackPack,3,14:27:30,14:26:48.75,14:38:32.75,14:38:35,NA,
29/06/2018_GISELE_4,29/06/2018,1,old,VH,GISELE,4,4,LegLoop,1,11:17:11,11:17:10.50,11:49:44.25,11:50:00,NA,
29/06/2018_GISELE_4,29/06/2018,1,old,VH,GISELE,4,4,LegLoop,2,12:54:50,12:54:46.00,14:02:07.50,14:02:15,NA,
29/06/2018_GISELE_4,29/06/2018,1,old,VH,GISELE,4,4,LegLoop,3,14:23:13,14:27:26.00,15:02:51.25,15:02:52,NA,
29/06/2018_GREGOIRE_5,29/06/2018,1,old,VF,GREGOIRE,5,5,BackPack,1,11:17:25,11:17:24.50,11:42:10.25,11:42:09,NA,
29/06/2018_GREGOIRE_5,29/06/2018,1,old,VF,GREGOIRE,5,5,BackPack,2,12:49:47,12:49:45.50,13:48:56.00,NA,NA,
29/06/2018_GREGOIRE_5,29/06/2018,1,old,VF,GREGOIRE,5,5,BackPack,3,14:23:??,14:56:52.50,15:03:17.00,15:03:15,NA,
29/06/2018_HENRI_3,29/06/2018,1,old,VF,HENRI,3,3,LegLoop,1,11:17:11,11:17:09.75,11:42:04.00,11:42:08,NA,
29/06/2018_HENRI_3,29/06/2018,1,old,VF,HENRI,3,3,LegLoop,2,12:49:47,12:49:44.25,13:31:25.50,13:30:??,NA,
29/06/2018_HENRI_3,29/06/2018,1,old,VF,HENRI,3,3,LegLoop,3,14:23:33,14:24:06.75,14:38:28.00,14:38:35,NA,
29/06/2018_HERCULE_171010,29/06/2018,2,young,VF,HERCULE,171010,171010,BackPack,1,11:20:14,NA,NA,11:26:05,NA,
29/06/2018_KHAN_H,29/06/2018,2,young,RAV,KHAN,H,H,Tail,2,12:59:??,337902,390827,13:43:50,NA,
29/06/2018_KIRIKOU_6,29/06/2018,2,young,VR,KIRIKOU,6,6,LegLoop,1,11:19:58,11:19:57.50,11:24:49.00,11:24:50,NA,
29/06/2018_KIRIKOU_6,29/06/2018,2,young,VR,KIRIKOU,6,6,LegLoop,2,12:52:40,12:52:38.75,13:59:59.75,14:01:10,NA,
29/06/2018_KIRIKOU_6,29/06/2018,2,young,VR,KIRIKOU,6,6,LegLoop,3,14:22:45,14:26:43.50,14:38:35.75,14:38:35,NA,
29/06/2018_KLEA_Z,29/06/2018,NA,NA,Black Kite,KLEA,Z,Z,NA,2,12:43:30,,,NA,NA,LOST GPS AT Z
29/06/2018_KLEA_G,29/06/2018,2,young,Black Kite,KLEA,G,G,BackPack,3,??,NA,NA,about 14:17:00,NA,
29/06/2018_KUZCO_B,29/06/2018,2,young,CONDOR,KUZCO,B,1,BackPack,1,11:19:48,11:19:48.00,11:24:53.20,11:24:53,NA,ACC too high values. Calibration not found.
29/06/2018_KUZCO_B,29/06/2018,2,young,CONDOR,KUZCO,B,1,BackPack,2,12:52:??,NA,NA,12:58:??,NA,ACC too high values. Calibration not found.
29/06/2018_LAFAYETTE_J,29/06/2018,2,young,PYGTB,LAFAYETTE,J,J,Tail,1,11:27:20,NA,NA,11:39:30,NA,Second flight without tail logger
29/06/2018_LEON_14,29/06/2018,2,young,VF,LEON,14,2,LegLoop,1,11:19:55,11:19:53.75,11:39:25.25,11:39:26,NA,
29/06/2018_LEON_14,29/06/2018,2,young,VF,LEON,14,2,LegLoop,2,12:52:40,12:52:40.00,12:57:52.00,12:58:50,NA,
29/06/2018_LEON_14,29/06/2018,2,young,VF,LEON,14,2,LegLoop,3,14:23:35,14:24:12.25,14:30:19.25,14:31:28,NA,
29/06/2018_MANU_180051,29/06/2018,1,old,RAV,MANU,180051,180051,LegLoop,1,11:18:50,NA,NA,11:25:16,NA,
30/06/2018_DAGOBERT_H,30/06/2018,no group,NA,PYGTB,DAGOBERT,H,H,Tail,2,12:59:00,422727,496452,13:09:58,NA,
30/06/2018_DAKOTA_J,30/06/2018,no group,NA,PYGTB,DAKOTA,J,J,Tail,1,11:29:00,288402,301627,11:37:40,NA,
30/06/2018_DAKOTA_J,30/06/2018,no group,NA,PYGTB,DAKOTA,J,J,Tail,2,12:59:00,423502,436327,13:07:44,NA,
30/06/2018_GAELLE_3,30/06/2018,1,young,VH,GAELLE,3,3,BackPack,1,11:17:37,11:17:33.75,11:42:09.25,11:42:09,NA,
30/06/2018_GAELLE_3,30/06/2018,1,young,VH,GAELLE,3,3,BackPack,2,12:46:17,12:46:16.25,12:59:54.75,13:00:00,13:00:30,
30/06/2018_GAELLE_3,30/06/2018,1,young,VH,GAELLE,3,3,BackPack,3,14:19:08,14:19:06.00,14:41:35.00,14:41:35,14:42:16,
30/06/2018_GISELE_6,30/06/2018,2,old,VH,GISELE,6,6,LegLoop,1,11:20:29,11:20:33.75,12:18:14.50,12:18:15,12:19:15,
30/06/2018_GISELE_6,30/06/2018,2,old,VH,GISELE,6,6,LegLoop,2,12:48:59,12:49:01.75,13:30:44.25,13:30:44,NA,
30/06/2018_GISELE_6,30/06/2018,2,old,VH,GISELE,6,6,LegLoop,3,14:20:55,14:20:54.25,14:42:36.75,14:42:00,14:43:33,
30/06/2018_GREGOIRE_13,30/06/2018,2,old,VF,GREGOIRE,13,7,BackPack,1,11:20:52,11:20:51.75,11:46:07.50,11:46:06,11:47:28,
30/06/2018_GREGOIRE_13,30/06/2018,2,old,VF,GREGOIRE,13,7,BackPack,3,14:21:12,14:21:11.50,14:49:38.00,14:49:40,NA,
30/06/2018_GREGOIRE_13,30/06/2018,2,old,VF,GREGOIRE,13,7,BackPack,2,12:49:29,12:49:27.50,13:13:19.00,13:13:20,NA,
30/06/2018_HENRI_180087,30/06/2018,2,old,VF,HENRI,180087,180087,LegLoop,2,12:49:14,NA,NA,12:58:55,NA,1st flight : no tag
30/06/2018_HENRI_180087,30/06/2018,2,old,VF,HENRI,180087,180087,LegLoop,3,14:21:00,NA,NA,14:43:45,14:44:30,1st flight : no tag
30/06/2018_HERCULE_180066 ,30/06/2018,1,young,VF,HERCULE,180066,180066,BackPack,1,11:17:??,NA,NA,NA,NA,
30/06/2018_HERCULE_180088,30/06/2018,1,young,VF,HERCULE,180088,180088,BackPack,2,12:45:??,NA,NA,12:57:40,12:58:20,
30/06/2018_HERCULE_180088,30/06/2018,1,young,VF,HERCULE,180088,180088,BackPack,3,14:21:15,NA,NA,14:25:20,NA,
30/06/2018_KHAN_I,30/06/2018,1,young,RAV,KHAN,I,I,Tail,1,11:18:20,272802,361052,12:17:10,NA,
30/06/2018_KIRIKOU_5,30/06/2018,1,young,VR,KIRIKOU,5,5,LegLoop,1,11:16:30,11:16:29.00,11:46:09.25,11:46:08,NA,
30/06/2018_KIRIKOU_5,30/06/2018,1,young,VR,KIRIKOU,5,5,LegLoop,2,12:45:38,12:45:36.50,12:59:44.00,12:59:49,13:00:07,
30/06/2018_KIRIKOU_5,30/06/2018,1,young,VR,KIRIKOU,5,5,LegLoop,3,14:18:33,14:19:35.25,14:49:38.50,14:49:40,NA,
30/06/2018_KLEA_G,30/06/2018,no group,NA,Black Kite,KLEA,G,G,BackPack,1,11:13:00,260777,284802,NA,NA,
30/06/2018_KLEA_G,30/06/2018,no group,NA,Black Kite,KLEA,G,G,BackPack,2,12:39:00,396352,430627,13:04:02,NA,
30/06/2018_KUZCO_14,30/06/2018,1,young,CONDOR,KUZCO,14,2,BackPack,1,11:17:??,11:20:12.50,11:26:38.00,11:26:45,11:27:58,
30/06/2018_KUZCO_14,30/06/2018,1,young,CONDOR,KUZCO,14,2,BackPack,2,12:45:38,12:45:38.75,13:12:24.50,13:12:27,NA,
30/06/2018_LAFAYETTE_H,30/06/2018,no group,NA,PYGTB,LAFAYETTE,H,H,Tail,1,11:28:45,288452,305852,11:40:10,NA,no data after 1st flight because logger turn off
30/06/2018_LAFAYETTE_H,30/06/2018,no group,NA,PYGTB,LAFAYETTE,H,H,Tail,3,14:29:34,no data,no data,14:32:30,NA,no data after 1st flight because logger turn off
30/06/2018_LEON_4,30/06/2018,1,young,VF,LEON,4,4,BackPack,1,11:17:56,11:17:58.00,11:28:41.50,11:28:26,NA,got rid of the harness for 2 et 3rd flight
30/06/2018_MANU_B,30/06/2018,2,old,RAV,MANU,B,1,LegLoop,2,12:49:29,12:49:29.00,13:23:01.00,13:23:04,NA,
30/06/2018_RANTANPLAN_J,30/06/2018,no group,NA,PYGTB,RANTANPLAN,J,J,Tail,3,14:29:20,558852,596727,14:55:55,NA,
